Region,County,Municipality,Client,Site Name,Site ID,PF Name,PF ID,Active Facility,Application Type,Permit Type,General Permit Type,Disposition Code,Date Received,Date Disposed,Date Expires,Permit Hyperlink
Northcentral,Bradford,Asylum Township,HAMILTON LIBERTY LLC,HAMILTON LIBERTY LLC,753377,HAMILTON LIBERTY LLC/HAMILTON LIBERTY LLC,745923,Y,Renewal,Title V Operating Permit,,ISSU,2022-10-19 00:00:00,2023-10-16 00:00:00,2028-10-15 00:00:00,1414543[08-00045]_Issued_v1.pdf
Northcentral,Bradford,Sayre Borough,RYNONE MFG CORP,RYNONE MFG,2854,RYNONE MFG CORP/SAYRE PLT,3850,Y,Renewal,Title V Operating Permit,,ISSU,2020-11-06 00:00:00,2021-05-05 00:00:00,2026-05-04 00:00:00,1332891[08-00004]_Issued_v1.pdf
Northcentral,Bradford,West Burlington Township,NORTHERN TIER SWA,BRADFORD CNTY LDFL 2,242356,NTSWA/BRADFORD CNTY LDFL 101243,510005,Y,Renewal,Title V Operating Permit,,ISSU,2020-07-23 00:00:00,2021-09-16 00:00:00,2026-09-15 00:00:00,1322152[08-00017]_Issued_v1.pdf
Northcentral,Centre,State College Borough,PA STATE UNIV,PENN STATE UNIVERSITY PARK,545486,PA STATE UNIV/UNIV PARK CAMPUS,256457,Y,Renewal,Title V Operating Permit,,ISSU,2024-01-23 00:00:00,2025-08-28 00:00:00,2030-08-27 00:00:00,1469224[14-00003]_Issued_v1.pdf
Northcentral,Clearfield,Bradford Township,SHAWVILLE POWER LLC,SHAWVILLE GENERATING STA,244416,SHAWVILLE POWER LLC/SHAWVILLE GEN STA,249235,Y,Renewal,Title V Operating Permit,,ISSU,2023-02-21 00:00:00,2024-07-30 00:00:00,2029-07-29 00:00:00,1428411[17-00001]_Issued_v1.pdf
Northcentral,Clearfield,Brady Township,EASTERN GAS TRANS & STORAGE INC,LUTHER STA,240959,EASTERN GAS TRANS & STORAGE INC/LUTHER STA,244592,Y,Renewal,Title V Operating Permit,,ISSU,2025-03-11 00:00:00,2026-01-09 00:00:00,2031-01-08 00:00:00,1520415[17-00003]_Issued_v1.pdf
Northcentral,Clinton,Leidy Township,EASTERN GAS TRANS & STORAGE INC,FINNEFROCK STA,241263,EASTERN GAS TRANS & STORAGE INC/FINNEFROCK STA,244957,Y,Renewal,Title V Operating Permit,,ISSU,2023-07-05 00:00:00,2023-11-21 00:00:00,2028-11-20 00:00:00,1446595[18-00005]_Issued_v1.pdf
Northcentral,Clinton,Leidy Township,EASTERN GAS TRANS & STORAGE INC,EGTS LEIDY STA,241258,EASTERN GAS TRANS & STORAGE INC/LEIDY STA,244948,Y,Renewal,Title V Operating Permit,,ISSU,2020-10-23 00:00:00,2021-05-27 00:00:00,2026-05-26 00:00:00,1331659[18-00006]_Issued_v1.pdf
Northcentral,Clinton,Wayne Township,CLINTON CNTY SWA,WAYNE TWP LDFL,237861,CLINTON CNTY SOLID W/WAYNE TWP LDFL,509874,Y,Renewal,Title V Operating Permit,,ISSU,2023-01-27 00:00:00,2024-01-31 00:00:00,2029-01-30 00:00:00,1425405[18-00009]_Issued_v1.pdf
Northcentral,Lycoming,Brady Township,LYCOMING CNTY,LYCOMING CNTY RESOURCE MGMT SVC,269308,LYCOMING CNTY RESOUR/LYCOMING CNTY LDFL,493380,Y,Renewal,Title V Operating Permit,,ISSU,2023-11-03 00:00:00,2025-02-27 00:00:00,2030-02-26 00:00:00,1461654[41-00025]_Issued_v1.pdf
Northcentral,Lycoming,Brady Township,NEXTERA RENEWABLE FUELS LLC,LYCOMING CNTY RESOURCE MGMT SVC,269308,NEXTERA RENEWABLE FUELS LLC/LYCO LANDFILL LFGTE PLT,741868,Y,Renewal,Title V Operating Permit,,ISSU,2023-09-21 00:00:00,2024-11-13 00:00:00,2029-11-12 00:00:00,1456235[41-00082]_Issued_v1.pdf
Northcentral,Lycoming,Williamsport City,CHANCE GROUP LLC,CHANCE ALUMINUM,2054,CHANCE ALUM CORP/WILLIAMSPORT PLT,2720,Y,Renewal,Title V Operating Permit,,ISSU,2022-07-14 00:00:00,2023-02-15 00:00:00,2028-02-14 00:00:00,1402967[41-00013]_Issued_v2.pdf
Northcentral,Lycoming,Williamsport City,HIGH STEEL STRUCTURES INC,HIGH STEEL STRUCTURES,1479,HIGH STEEL STRUCTURES/WILLIAMSPORT PLT 3,1903,Y,Renewal,Title V Operating Permit,,ISSU,2021-05-18 00:00:00,2022-03-17 00:00:00,2027-03-16 00:00:00,1355207[41-00006]_Issued_v3.pdf
Northcentral,Lycoming,Williamsport City,LYCOMING ENGINES,LYCOMING ENGINES- OLIVER ST PLT,2887,LYCOMING ENGINES/OLIVER ST PLT,3897,Y,Renewal,Title V Operating Permit,,ISSU,2024-02-15 00:00:00,2025-05-06 00:00:00,2030-05-05 00:00:00,1473176[41-00005]_Issued_v1.pdf
Northcentral,Montour,Derry Township,MONTOUR LLC,MONTOUR LLC,247875,MONTOUR LLC/MONTOUR SES,254018,Y,Renewal,Title V Operating Permit,,ISSU,2023-06-28 00:00:00,2025-04-23 00:00:00,2030-04-22 00:00:00,1446268[47-00001]_Issued_v1.pdf
Northcentral,Montour,Derry Township,US GYPSUM CO,USG WASHINGTONVILLE PLANT,666465,US GYPSUM CO/WASHINGTONVILLE PLT,683668,Y,Renewal,Title V Operating Permit,,ISSU,2022-09-23 00:00:00,2024-01-02 00:00:00,2029-01-01 00:00:00,1411501[47-00014]_Issued_v1.pdf
Northcentral,Northumberland,Delaware Township,WATSONTOWN BRICK CO,WATSONTOWN BRICK PLT,457628,WATSONTOWN BRICK CO/WATSONTOWN PLT,493449,Y,Renewal,Title V Operating Permit,,ISSU,2024-04-05 00:00:00,2025-11-12 00:00:00,2030-11-11 00:00:00,1480337[49-00033]_Issued_v1.pdf
Northcentral,Northumberland,Milton Borough,JERACO INC,MILTON TRUCK CAP PLT,463808,JERACO ENTERPRISES INC/MILTON PLT,493221,Y,Renewal,Title V Operating Permit,,ISSU,2022-07-15 00:00:00,2022-12-06 00:00:00,2027-12-05 00:00:00,1403973[49-00014]_Issued_v1.pdf
Northcentral,Northumberland,Mount Carmel Township,MT CARMEL COGEN INC,MT CARMEL COGEN PLT,2626,MT CARMEL COGEN/CULM FIRED COGEN PLT,3527,Y,Renewal,Title V Operating Permit,,ISSU,2022-10-25 00:00:00,2024-01-31 00:00:00,2029-01-30 00:00:00,1416695[49-00001]_Issued_v1.pdf
Northcentral,Northumberland,Northumberland Borough,RESILITE SPORTS PROD INC,RESILITE SPORTS PROD,244373,RESILITE SPORTS PROD/NORTHUMBERLAND PLT,249177,Y,Renewal,Title V Operating Permit,,ISSU,2020-08-21 00:00:00,2021-06-28 00:00:00,2026-06-27 00:00:00,1324958[49-00004]_Issued_v1.pdf
Northcentral,Potter,Eulalia Township,CHARLES COLE MEM HOSP,CHARLES COLE MEM HOSP,461382,UPMC SUSQUEHANNA /UPMC COLE HOSPITAL,490929,Y,New,Title V Operating Permit,,ISSU,1997-03-14 00:00:00,1999-06-17 00:00:00,2004-06-16 00:00:00,355225[53-00011]_Issued_v1.pdf
Northcentral,Potter,Genesee Township,EASTERN GAS TRANS & STORAGE INC,STATE LINE STA,249822,EASTERN GAS TRANS & STORAGE INC/STATE LINE STA,257142,Y,Renewal,Title V Operating Permit,,ISSU,2025-04-30 00:00:00,2026-01-29 00:00:00,2031-01-28 00:00:00,1525579[53-00007]_Issued_v1.pdf
Northcentral,Potter,Stewardson Township,EASTERN GAS TRANS & STORAGE INC,EGTS GREENLICK COMPRESSOR STATION,249774,EASTERN GAS TRANS & STORAGE INC/GREENLICK STA,257072,Y,Renewal,Title V Operating Permit,,ISSU,2020-10-23 00:00:00,2021-08-04 00:00:00,2026-08-03 00:00:00,1331730[53-00005]_Issued_v1.pdf
Northcentral,Snyder,Middlecreek Township,WOOD MODE LLC,WOOD MODE LLC,2760,WOOD MODE LLC/KREAMER PLT,3730,Y,Renewal,Title V Operating Permit,,ISSU,2023-02-02 00:00:00,2023-09-11 00:00:00,2028-09-10 00:00:00,1425582[55-00005]_Issued_v1.pdf
Northcentral,Snyder,Penn Township,KERRICO CORP,SELINSGROVE PLT,4731,KERRICO CORP/PENN,6399,Y,Renewal,Title V Operating Permit,,ISSU,2022-02-15 00:00:00,2022-06-24 00:00:00,2027-06-23 00:00:00,1387445[55-00023]_Issued_v1.pdf
Northcentral,Snyder,Shamokin Dam Borough,HUMMEL STA LLC,HUMMEL STATION CONSTRUCTION SITE,786918,HUMMEL STA LLC/SUNBURY NAT GAS PLT,804103,Y,New,Title V Operating Permit,,ISSU,2022-07-05 00:00:00,2024-11-25 00:00:00,2029-11-24 00:00:00,1402841[55-00026]_Issued_v1.pdf
Northcentral,Tioga,Blossburg Borough,WARD MFG LLC,WARD MANUFACTURING LLC PLT 3,244770,WARD MFG LLC/BLOSSBURG PLTS 1-3,249699,Y,Renewal,Title V Operating Permit,,ISSU,2021-06-28 00:00:00,2022-01-13 00:00:00,2027-01-12 00:00:00,1359579[59-00004]_Issued_v1.pdf
Northcentral,Tioga,Clymer Township,EASTERN GAS TRANS & STORAGE INC,EGTS SABINSVILLE COMPRESSOR STATION,240972,EASTERN GAS TRANS & STORAGE INC/SABINSVILLE STA,244611,Y,Renewal,Title V Operating Permit,,ISSU,2022-09-22 00:00:00,2023-08-31 00:00:00,2028-08-30 00:00:00,1412555[59-00005]_Issued_v1.pdf
Northcentral,Tioga,Farmington Township,EASTERN GAS TRANS & STORAGE INC,EGTS TIOGA COMPRESSOR STA,240985,EASTERN GAS TRANS & STORAGE INC/TIOGA STA,244627,Y,Renewal,Title V Operating Permit,,ISSU,2024-05-06 00:00:00,2025-07-21 00:00:00,2030-07-20 00:00:00,1484113[59-00002]_Issued_v1.pdf
Northeast,Carbon,Banks Township,ITG CIGARS INC,ITG CIGARS INC,236805,ITG CIGARS INC/MCADOO PLT,238941,Y,New,Title V Operating Permit,,ISSU,1995-09-20 00:00:00,2025-11-06 00:00:00,2005-01-31 00:00:00,353964[13-00005]_Issued_v1.pdf
Northeast,Carbon,Nesquehoning Borough,PANTHER CREEK POWER OPR LLC,PANTHER CREEK PERMITTING BANK,449505,PANTHER CREEK POWER OPR LLC/NESQUEHONING,475620,Y,Renewal,Title V Operating Permit,,ISSU,2008-05-22 00:00:00,2018-11-27 00:00:00,2023-11-27 00:00:00,1023399[13-00003]_Issued_v2.pdf
Northeast,Lackawanna,Dunmore Borough,KEYSTONE SANI LDFL INC,KEYSTONE SANI LDFL,452485,KEYSTONE SANI LDFL INC/DUNMORE,555989,Y,Renewal,Title V Operating Permit,,ISSU,2020-03-27 00:00:00,2021-09-24 00:00:00,2026-09-24 00:00:00,1312192[35-00014]_Issued_v1.pdf
Northeast,Lehigh,Alburtis Borough,VICTAULIC CO,VICTAULIC CO ALBURTIS FACILITY,483735,VICTAULIC COMPANY/ALBURTIS FACILITY,515738,Y,Renewal,Title V Operating Permit,,ISSU,2022-04-19 00:00:00,2023-02-22 00:00:00,2028-02-22 00:00:00,1393813[39-00069]_Issued_v1.pdf
Northeast,Lehigh,Lower Macungie Township,BUCKEYE ENERGY SVC LLC,BUCKEYE ENERGY SVC LLC/MACUNGIE TERMINAL,580207,BUCKEYE ENERGY SVC LLC/MACUNGIE TERMINAL,523791,Y,Renewal,Title V Operating Permit,,ISSU,2021-05-12 00:00:00,2022-02-23 00:00:00,2027-02-23 00:00:00,1369688[39-00016]_Issued_v1.pdf
Northeast,Lehigh,Lower Macungie Township,BUCKEYE PIPELINE CO LP,BUCKEYE PIPE LINE CO LP MACUNGIE STA,4858,BUCKEYE PIPE LINE CO/MACUNGIE STA,6572,Y,Renewal,Title V Operating Permit,,ISSU,2021-05-12 00:00:00,2022-02-23 00:00:00,2027-02-23 00:00:00,1369692[39-00019]_Issued_v1.pdf
Northeast,Lehigh,Lower Macungie Township,BUCKEYE TERM LLC,BUCKEYE TERMINALS LLC MACUNGIE TERM,517,BUCKEYE TERMINALS LLC/MACUNGIE TERMINAL,673,Y,Renewal,Title V Operating Permit,,ISSU,2021-05-12 00:00:00,2022-02-23 00:00:00,2027-02-23 00:00:00,1369696[39-00028]_Issued_v1.pdf
Northeast,Lehigh,Lower Macungie Township,MACK TRUCKS INC,MACK TRUCKS INC,254989,MACK TRUCKS INC/MACUNGIE,243062,Y,Renewal,Title V Operating Permit,,ISSU,2020-07-07 00:00:00,2021-06-21 00:00:00,2026-06-21 00:00:00,1319315[39-00004]_Issued_v1.pdf
Northeast,Lehigh,Upper Macungie Township,CARPENTER CO.,CARPENTER CO,240064,CARPENTER CO./UPPER MACUNGIE,243369,Y,Renewal,Title V Operating Permit,,ISSU,2023-03-03 00:00:00,2024-01-29 00:00:00,2029-01-29 00:00:00,1431356[39-00040]_Issued_v2.pdf
Northeast,Luzerne,Buck Township,TRANSCONTINENTAL GAS PIPE LINE CO LLC,TRANSCONTINENTAL GAS PIPE LINE LLC STA 515,244532,TRANSCONTINENTAL GAS/BEAR CREEK STA 515,249383,Y,Renewal,Title V Operating Permit,,ISSU,2025-06-23 00:00:00,2025-12-16 00:00:00,2030-12-28 00:00:00,1532546[40-00002]_Issued_v2.pdf
Northeast,Luzerne,Hanover Township,WYOMING VALLEY SANI AUTH,WYOMING VALLEY SANI AUTH WILKES BARRE,245668,WYOMING VALLEY SANI AUTH/HANOVER STP,250969,Y,Renewal,Title V Operating Permit,,ISSU,2022-06-15 00:00:00,2023-10-16 00:00:00,2028-10-16 00:00:00,1401465[40-00067]_Issued_v1.pdf
Northeast,Luzerne,Hazle Township,AMCOR FLEXIBLES NORTH AMER INC,AMCOR FLEXIBLES NORTH AMER INC,238511,AMCOR FLEXIBLES NORTH AMER INC/HAZLETON,241329,Y,Renewal,Title V Operating Permit,,ISSU,2024-02-21 00:00:00,2025-03-12 00:00:00,2030-03-12 00:00:00,1474515[40-00007]_Issued_v1.pdf
Northeast,Luzerne,Hazle Township,HAZLETON GENERATION LLC,HAZLETON GEN FAC,487450,HAZLETON GEN LLC/HAZLE TWP,510832,Y,Renewal,Title V Operating Permit,,ISSU,2022-07-19 00:00:00,2023-10-24 00:00:00,2028-10-24 00:00:00,1404503[40-00021]_Issued_v6.pdf
Northeast,Luzerne,Hazleton City,JOHNS MANVILLE INC.,JOHNS MANVILLE,534260,JOHNS MANVILLE/HAZLETON CITY,495668,Y,New,Title V Operating Permit,,ISSU,2024-04-17 00:00:00,2024-09-25 00:00:00,2029-09-25 00:00:00,1481216[40-00079]_Issued_v3.pdf
Northeast,Luzerne,Salem Township,MOXIE FREEDOM LLC,CAITHNESS MOXIE FREEDOM GENERATION PLT,788424,CAITHNESS MOXIE FREEDOM GENERATION PLANT/SALEM TWP,781641,Y,Renewal,Title V Operating Permit,,ISSU,2024-06-28 00:00:00,2025-08-13 00:00:00,2030-08-13 00:00:00,1491482[40-00129]_Issued_v1.pdf
Northeast,Luzerne,West Hazleton Borough,GREATER HAZLETON CITY JT SEW AUTH LUZERNE CNTY,GREATER HAZLETON JT SEW AUTH TRMT PLT,242069,GREATER HAZLETON JT SEW AUTH/WEST HAZLETON STP,246109,Y,New,Title V Operating Permit,,ISSU,2022-10-03 00:00:00,2024-02-20 00:00:00,2029-02-20 00:00:00,1412351[40-00121]_Issued_v1.pdf
Northeast,Monroe,Smithfield Township,WESTROCK CONVERTING CO LLC,WESTROCK CONVERTING CO LLC,4034,WESTROCK CONVERTING CO LLC/DELAWARE WATER GAP,5455,Y,Renewal,Title V Operating Permit,,ISSU,2020-08-24 00:00:00,2021-12-14 00:00:00,2026-12-14 00:00:00,1362262[45-00002]_Issued_v1.pdf
Northeast,Northampton,Bethlehem City,CALPINE BETHLEHEM LLC,BETHLEHEM ENERGY CENTER,543767,CALPINE BETHLEHEM LLC/BETHLEHEM,566123,Y,Renewal,Title V Operating Permit,,ISSU,2020-02-28 00:00:00,2021-08-11 00:00:00,2026-08-10 00:00:00,1307005[48-00076]_Issued_v1.pdf
Northeast,Northampton,Forks Township,VICTAULIC CO,VICTAULIC CO FORKS FACILITY,248318,VICTAULIC CO/FORKS FACILITY,254610,Y,Renewal,Title V Operating Permit,,ISSU,2022-04-19 00:00:00,2023-02-22 00:00:00,2028-02-22 00:00:00,1393875[48-00009]_Issued_v1.pdf
Northeast,Northampton,Lower Mount Bethel Township,LMBE PROJECT COMPANY LLC,LMBE PROJECT COMPANY LLC,521990,LOWER MOUNT BETHEL ENERGY SES/BANGOR,569997,Y,Renewal,Title V Operating Permit,,ISSU,2020-11-16 00:00:00,2023-01-19 00:00:00,2028-01-19 00:00:00,1364221[48-00091]_Issued_v1.pdf
Northeast,Northampton,Lower Saucon Township,BETHLEHEM LDFL CO,BETHLEHEM LDFL CO,255983,BETHLEHEM LD/BETHLEHEM FACILITY,549728,Y,Renewal,Title V Operating Permit,,ISSU,2023-08-17 00:00:00,2025-02-05 00:00:00,2030-02-05 00:00:00,1452603[48-00027]_Issued_v1.pdf
Northeast,Northampton,Plainfield Township,GRAND CTL SANI LDFL INC,GRAND CTL SANI LDFL,256036,GRAND CTL SANI LDFL/PLAINFIELD,494741,Y,Renewal,Title V Operating Permit,,ISSU,2021-08-20 00:00:00,2023-01-03 00:00:00,2028-01-03 00:00:00,1368323[48-00032]_Issued_v1.pdf
Northeast,Northampton,Stockertown Borough,HERCULES CEMENT CO LLC DBA BUZZI UNICEM USA,HERCULES CEMENT DBA BUZZI UNICEM USA STOCKERTOWN PLT,508399,HERCULES CEMENT CO LLC/STOCKERTOWN,510100,Y,Renewal,Title V Operating Permit,,ISSU,2024-02-20 00:00:00,2025-04-18 00:00:00,2030-04-18 00:00:00,1473442[48-00005]_Issued_v2.pdf
Northeast,Northampton,Upper Nazareth Township,CF MARTIN & CO INC,CF MARTIN CO INC,516029,CF MARTIN & CO INC/UPPER NAZARETH,243231,Y,Renewal,Title V Operating Permit,,ISSU,2025-05-16 00:00:00,2026-01-21 00:00:00,2031-01-21 00:00:00,1528318[48-00017]_Issued_v1.pdf
Northeast,Northampton,Williams Township,CHRIN BROS INC,CHRIN BROS SANI LDFL,238053,CHRIN BROS SANI LDFL/CHRIN LDFL,494731,Y,Renewal,Title V Operating Permit,,ISSU,2021-11-04 00:00:00,2023-01-09 00:00:00,2028-01-09 00:00:00,1378596[48-00037]_Issued_v1.pdf
Northeast,Schuylkill,Cressona Borough,HYDRO EXTRUSION USA LLC,"HYDRO EXTRUSION USA, LLC",246794,"HYDRO EXTRUSION USA, LLC/CRESSONA",510716,Y,Renewal,Title V Operating Permit,,ISSU,2022-07-27 00:00:00,2023-11-20 00:00:00,2028-11-20 00:00:00,1404990[54-00022]_Issued_v1.pdf
Northeast,Schuylkill,Frailey Township,RAUSCH CREEK GENERATION LLC,RAUSCH CREEK GENERATION BANK,488091,RAUSCH CREEK GENERATION LLC/FRAILEY TWP,474375,Y,Renewal,Title V Operating Permit,,ISSU,2020-07-02 00:00:00,2022-04-26 00:00:00,2027-04-26 00:00:00,1319312[54-00006]_Issued_v1.pdf
Northeast,Schuylkill,Mahanoy Township,SCHUYLKILL ENERGY RESOURCES INC,READING ANTHRACITE ELLANGOWAN 45A & COGEN MINE,443393,SCHUYLKILL ENERGY RES/ST NICHOLAS COGEN,467540,Y,Renewal,Title V Operating Permit,,ISSU,2022-12-28 00:00:00,2023-11-16 00:00:00,2028-11-16 00:00:00,1423493[54-00003]_Issued_v1.pdf
Northeast,Schuylkill,Pine Grove Township,INGENCO WHOLESALE POWER LLC,INGENCO WHOLESALE POWER/LEAR KNITTING MILL,514381,INGENCO WHOLESALE POWER LLC/PINE GROVE TWP,675119,Y,Renewal,Title V Operating Permit,,ISSU,2020-09-22 00:00:00,2022-07-21 00:00:00,2027-07-21 00:00:00,1328930[54-00073]_Issued_v1.pdf
Northeast,Schuylkill,Rush Township,SILBERLINE MFG CO INC,SILBERLINE MFG CO HOMETOWN FACILITY,544455,SILBERLINE MFG CO/LINCOLN DR PLT,510741,Y,Renewal,Title V Operating Permit,,ISSU,2023-09-08 00:00:00,2024-08-06 00:00:00,2029-08-06 00:00:00,1455454[54-00041]_Issued_v1.pdf
Northeast,Schuylkill,West Mahanoy Township,RI-CORP DEVELOPMENT INC,JOHN B RICH MEMORIAL POWER STATION / GILBERTON POWER CO,465079,GILBERTON POWER CO/JOHN B RICH MEM POWER STA,494374,Y,Renewal,Title V Operating Permit,,ISSU,2022-12-23 00:00:00,2023-11-16 00:00:00,2028-11-16 00:00:00,1426542[54-00004]_Issued_v1.pdf
Northwest,Armstrong,South Bend Township,EASTERN GAS TRANS & STORAGE INC,SOUTH BEND COMP STA,246665,EASTERN GAS TRANS & STORAGE INC/SOUTH BEND COMP STA,252420,Y,Renewal,Title V Operating Permit,,ISSU,2021-03-01 00:00:00,2022-06-07 00:00:00,2027-05-31 00:00:00,1344443[03-00180]_Issued_v1.pdf
Northwest,Butler,Butler Township,CLEVELAND CLIFFS STEEL HOLDING CORP,CLEVELAND CLIFFS BUTLER WORKS,462685,CLEVELAND CLIFFS STEEL CORP/ BUTLER WORKS,549775,Y,Renewal,Title V Operating Permit,,ISSU,2023-06-27 00:00:00,2025-06-11 00:00:00,2030-05-31 00:00:00,1445206[10-00001]_Issued_v2.pdf
Northwest,Butler,Clay Township,WASTE MGMT DSPL SVC OF PA INC,NORTHWEST SANI LDFL,243068,WASTE MGMT DSPL SVC/NORTHWEST SANITARY LANDFILL,495428,Y,Renewal,Title V Operating Permit,,ISSU,2020-07-28 00:00:00,2022-04-21 00:00:00,2027-03-31 00:00:00,1321946[10-00285]_Issued_v1.pdf
Northwest,Butler,Jackson Township,SENECA LDFL INC,SENECA LANDFILL INC,524239,SENECA LANDFILL INC/SENECA,510553,Y,Renewal,Title V Operating Permit,,ISSU,2020-06-02 00:00:00,2021-08-25 00:00:00,2026-07-31 00:00:00,1316479[10-00284]_Issued_v1.pdf
Northwest,Butler,Winfield Township,ARMSTRONG CEMENT & SUPPLY CORP,ARMSTRONG CEMENT & SUPPLY,254557,ARMSTRONG CEMENT & SUPPLY/WINFIELD,265869,Y,Renewal,Title V Operating Permit,,ISSU,2022-03-29 00:00:00,2023-08-17 00:00:00,2028-07-31 00:00:00,1390115[10-00028]_Issued_v1.pdf
Northwest,Butler,Zelienople Borough,BNZ MATERIALS INC,BNZ MATERIALS,457037,BNZ MATERIALS INC/ZELIENOPLE,493681,Y,Renewal,Title V Operating Permit,,ISSU,2020-07-07 00:00:00,2021-11-12 00:00:00,2026-10-31 00:00:00,1319959[10-00079]_Issued_v1.pdf
Northwest,Clarion,Elk Township,CLARION BATHWARE INC,CLARION BATHWARE MFG,502355,CLARION BATHWARE/MARBLE,510133,Y,Renewal,Title V Operating Permit,,ISSU,2023-04-17 00:00:00,2024-11-01 00:00:00,2029-10-31 00:00:00,1435899[16-00133]_Issued_v1.pdf
Northwest,Crawford,Greenwood Township,VITRO MEADVILLE FLAT GLASS LLC,VITRO MEADVILLE FLAT GLASS MEADVILLE PLT,959,VITRO MEADVILLE FLAT GLASS MEADVILLE PLT/CRAWFORD,1274,Y,Renewal,Title V Operating Permit,,ISSU,2024-03-22 00:00:00,2025-10-22 00:00:00,2030-09-30 00:00:00,1478197[20-00145]_Issued_v1.pdf
Northwest,Crawford,Pine Township,MOLDED FIBER GLASS CO,MOLDED FIBER GLASS TRAY,473,MOLDED FIBER GLASS CO / TRAY COMPANY,614,Y,Renewal,Title V Operating Permit,,ISSU,2022-04-22 00:00:00,2023-02-07 00:00:00,2028-01-31 00:00:00,1393378[20-00035]_Issued_v1.pdf
Northwest,Elk,Benezette Township,EASTERN GAS TRANS & STORAGE INC,EASTERN GAS TRANSMISSION & STORAGE INC ARDELL COMP STA,264093,EASTERN GAS TRANS & STORAGE INC/ARDELL COMP STA/ELK,284268,Y,Renewal,Title V Operating Permit,,ISSU,2024-02-21 00:00:00,2025-09-23 00:00:00,2030-08-31 00:00:00,1473668[24-00120]_Issued_v1.pdf
Northwest,Elk,Benezette Township,AMER EXPLORATION CO,EQT PROD BENEZETTE COMP STA,539051,EQT PRODUCTION LLC/BENEZETTE COMP STA,558888,Y,New,Title V Operating Permit,,ISSU,1995-07-31 00:00:00,1997-08-05 00:00:00,2002-08-31 00:00:00,354218[24-00129]_Issued_v1.pdf
Northwest,Elk,Fox Township,GREENTREE LDFL LLC,GREENTREE LDFL,245233,GREENTREE LDFL LLC/KERSEY,250328,Y,Renewal,Title V Operating Permit,,ISSU,2020-07-17 00:00:00,2023-10-11 00:00:00,2028-09-30 00:00:00,1320816[24-00123]_Issued_v1.pdf
Northwest,Erie,Erie City,ERIE CITY SEW AUTH ERIE CNTY,ERIE CITY STP,261499,ERIE SEWER AUTHORITY/ERIE WWTP,278806,Y,Renewal,Title V Operating Permit,,ISSU,2023-12-26 00:00:00,2025-10-01 00:00:00,2030-09-30 00:00:00,1466144[25-00179]_Issued_v1.pdf
Northwest,Erie,Millcreek Township,HAYSITE REINFORCED PLASTICS LLC,HAYSITE REINFORCED PLASTICS,249297,HAYSITE REINFORCED PLASTICS LLC/ERIE,511900,Y,Renewal,Title V Operating Permit,,ISSU,2023-09-20 00:00:00,2025-09-22 00:00:00,2030-08-31 00:00:00,1455330[25-00783]_Issued_v1.pdf
Northwest,Erie,Summit Township,WASTE MGMT PA INC,LAKE VIEW LDFL,250850,WASTE MGMT PA/LAKE VIEW LANDFILL,258605,Y,Renewal,Title V Operating Permit,,ISSU,2020-11-30 00:00:00,2022-04-18 00:00:00,2027-03-31 00:00:00,1334868[25-00920]_Issued_v1.pdf
Northwest,Erie,Union City Borough,MOLDED FIBER GLASS CO,MOLDED FIBER GLASS UNION CITY,4787,MOLDED FIBER GLASS CO/UNION CITY,6474,Y,Renewal,Title V Operating Permit,,ISSU,2023-01-30 00:00:00,2025-05-06 00:00:00,2030-04-30 00:00:00,1425310[25-00035]_Issued_v1.pdf
Northwest,Indiana,Center Township,EVERGREEN LDFL INC,EVERGREEN LDFL,240909,EVERGREEN LANDFILL/FKA PELLEGRENE SITE,516172,Y,Renewal,Title V Operating Permit,,ISSU,2021-06-25 00:00:00,2022-11-30 00:00:00,2027-10-31 00:00:00,1359573[32-00266]_Issued_v1.pdf
Northwest,Indiana,Indiana Borough,SPECIALTY TIRES OF AMER INC,SPECIALTY TIRES OF AMERICA INC,74497,SPECIALTY TIRES AMER/INDIANA PLT,280053,Y,Renewal,Title V Operating Permit,,ISSU,2018-12-21 00:00:00,2020-07-09 00:00:00,2025-06-30 00:00:00,1256369[32-00065]_Issued_v1.pdf
Northwest,Indiana,West Wheatfield Township,TEXAS EASTERN TRANS LP,TEXAS EASTERN ARMAGH COMP STA,260104,TEXAS EASTERN TRANS LP/ARMAGH STA,275615,Y,Renewal,Title V Operating Permit,,ISSU,2023-11-29 00:00:00,2025-01-30 00:00:00,2029-12-31 00:00:00,1463169[32-00230]_Issued_v1.pdf
Northwest,Jefferson,Brockway Borough,"O-I GLASS, INC.",OWENS BROCKWAY GLASS CONTAINER PLT 18,456508,OWENS BROCKWAY GLASS CONTAINER PLT 18,493291,Y,Renewal,Title V Operating Permit,,ISSU,2023-11-27 00:00:00,2024-11-04 00:00:00,2029-10-31 00:00:00,1462920[33-00033]_Issued_v1.pdf
Northwest,Jefferson,Summerville Borough,GLEN GERY CORP,GLEN GERY HANLEY PLT,257098,GLEN GERY CORP/HANLEY PLANT,270678,Y,Renewal,Title V Operating Permit,,ISSU,2023-03-23 00:00:00,2024-08-28 00:00:00,2029-07-31 00:00:00,1432301[33-00055]_Issued_v1.pdf
Northwest,Lawrence,New Castle City,ELLWOOD QUALITY STEELS CO,ELLWOOD QUALITY STEELS,246555,ELLWOOD QUALITY STEELS CO/NEW CASTLE PLT,252268,Y,Renewal,Title V Operating Permit,,ISSU,2021-05-20 00:00:00,2022-08-25 00:00:00,2027-07-31 00:00:00,1354934[37-00264]_Issued_v1.pdf
Northwest,Lawrence,North Beaver Township,HICKORY RUN ENERGY LLC,HICKORY RUN ENERGY STA,765898,HICKORY RUN ENERGY LLC/NORTH BEAVER TWP,756740,Y,New,Title V Operating Permit,,ISSU,2023-08-22 00:00:00,2025-07-15 00:00:00,2030-06-30 00:00:00,1451743[37-00337]_Issued_v1.pdf
Northwest,Lawrence,Taylor Township,NEW CASTLE POWER LLC,NEW CASTLE GENERATING STA,2749,NEW CASTLE POWER LLC/NEW CASTLE GENERATING STATION,3700,Y,Renewal,Title V Operating Permit,,ISSU,2022-11-01 00:00:00,2025-06-10 00:00:00,2030-05-31 00:00:00,1416137[37-00023]_Issued_v1.pdf
Northwest,Lawrence,Wampum Borough,CEMEX CONST MATERIALS ATLANTIC LLC,CEMEX WAMPUM CEMENT PLT,242104,WAMPUM CEMENT PLT/LAWRENCE,246188,Y,Renewal,Title V Operating Permit,,ISSU,2021-09-01 00:00:00,2023-01-17 00:00:00,2027-12-31 00:00:00,1367906[37-00013]_Issued_v2.pdf
Northwest,McKean,Bradford City,AMER REF GROUP INC,AMERICAN REFINING GROUP,250835,AMER REF GROUP/BRADFORD,258588,Y,Renewal,Title V Operating Permit,,ISSU,2022-06-30 00:00:00,2024-07-31 00:00:00,2029-07-31 00:00:00,1401713[42-00004]_Issued_v1.pdf
Northwest,McKean,Sergeant Township,CASELLA WASTE MGMT OF PA INC,MCKEAN CNTY LDFL,237360,CASELLA WASTE MGMT OF PA INC/MCKEAN CNTY LDFL,511497,Y,Renewal,Title V Operating Permit,,ISSU,2022-05-19 00:00:00,2023-11-28 00:00:00,2028-10-31 00:00:00,1396933[42-00174]_Issued_v1.pdf
Northwest,McKean,Sergeant Township,GEORGIA PACIFIC PANEL PRODUCTS LLC,GEORGIA PACIFIC MT JEWETT MDF,253873,GEORGIA PACIFIC PANEL PRODUCTS LLC/MOUNT JEWETT MDF,493871,Y,Renewal,Title V Operating Permit,,ISSU,2022-04-22 00:00:00,2025-06-24 00:00:00,2030-05-31 00:00:00,1393402[42-00158]_Issued_v1.pdf
Northwest,Mercer,Jefferson Township,KINDER MORGAN INC,TENNESSEE GAS PIPELINE COMP STA 219,264054,TENNESSEE GAS PIPELINE CO LLC/MERCER STA 219,283619,Y,Renewal,Title V Operating Permit,,ISSU,2023-06-29 00:00:00,2025-06-26 00:00:00,2030-05-31 00:00:00,1445480[43-00272]_Issued_v1.pdf
Northwest,Mercer,Pine Township,WABTEC US RAIL INC,GE TRANSPORTATION A WEBTEC CO,2282,WABTEC US RAIL GROVE CITY ENGINE/MERCER,3015,Y,Renewal,Title V Operating Permit,,ISSU,2021-01-14 00:00:00,2022-05-24 00:00:00,2027-04-30 00:00:00,1340900[43-00196]_Issued_v1.pdf
Northwest,Mercer,Pymatuning Township,GREENVILLE METALS INC,GREENVILLE METALS,446252,GREENVILLE METALS INC/TRANSFER,493036,Y,Renewal,Title V Operating Permit,,ISSU,2021-09-13 00:00:00,2023-09-12 00:00:00,2028-08-31 00:00:00,1369087[43-00011]_Issued_v2.pdf
Northwest,Mercer,Pymatuning Township,SALEM TUBE INC,SALEM TUBE INC,246940,SALEM TUBE INC/GREENVILLE REYNOLDS IND PK,252814,Y,Renewal,Title V Operating Permit,,ISSU,2024-07-19 00:00:00,2025-07-01 00:00:00,2030-06-30 00:00:00,1492594[43-00142]_Issued_v1.pdf
Northwest,Mercer,West Middlesex Borough,JONES PERFORMANCE PROD INC,JONES PERFORMANCE PRODUCTS INC,456876,JONES PERFORMANCE PR/WEST MIDDLESEX,515397,Y,Renewal,Title V Operating Permit,,ISSU,2021-12-21 00:00:00,2023-02-07 00:00:00,2028-01-31 00:00:00,1379480[43-00287]_Issued_v1.pdf
Northwest,Venango,Oil City City,GO CARLSON INC,ELECTRALLOY,243258,ELECTRALLOY GO CARLSON/OIL CITY,247724,Y,Renewal,Title V Operating Permit,,ISSU,2024-04-26 00:00:00,2025-10-22 00:00:00,2030-09-30 00:00:00,1482294[61-00004]_Issued_v1.pdf
Northwest,Warren,Warren City,UNITED REF CO OF PA,UNITED REF,248984,UNITED REFINING CO/WARREN PLT,255673,Y,Renewal,Title V Operating Permit,,ISSU,2023-06-23 00:00:00,2025-12-15 00:00:00,2030-11-30 00:00:00,1444873[62-00017]_Issued_v1.pdf
Southcentral,Adams,Conewago Township,MCCLARIN PLASTICS LLC,MCCLARIN PLASTICS LLC,240173,MCCLARIN PLASTICS LLC/BLETTNER AVE,243524,Y,Renewal,Title V Operating Permit,,ISSU,2023-08-29 00:00:00,2024-02-06 00:00:00,2029-02-28 00:00:00,1453924[01-05041]_Issued_v1.pdf
Southcentral,Adams,Liberty Township,US DOD,RAVEN ROCK MTN COMPLEX,452770,US DOD/RAVEN ROCK MTN COMPLEX,480163,Y,Renewal,Title V Operating Permit,,ISSU,2023-01-30 00:00:00,2023-08-17 00:00:00,2028-08-31 00:00:00,1425094[01-05009]_Issued_v1.pdf
Southcentral,Adams,Straban Township,COLUMBIA GAS TRANS LLC,COLUMBIA GAS ADAMS CNTY PIPELINE & COMPRESSOR STA,442225,COLUMBIA GAS TRANS CORP/GETTYSBURG COMP STA,465781,Y,Renewal,Title V Operating Permit,,ISSU,2023-04-28 00:00:00,2024-05-02 00:00:00,2029-05-31 00:00:00,1437988[01-05003]_Issued_v1.pdf
Southcentral,Adams,Straban Township,HUNTERSTOWN GENERATION LLC,HUNTERSTOWN COMBUSTION TURBINE,245532,HUNTERSTOWN GENERATION LLC/HUNTERSTOWN MAIN PLT,651965,Y,Renewal,Title V Operating Permit,,ISSU,2024-10-22 00:00:00,2026-01-16 00:00:00,2031-01-31 00:00:00,1503897[01-05029]_Issued_v1.pdf
Southcentral,Bedford,Broad Top Township,SANDY RUN LDFL LLC,SANDY RUN LDFL,451508,SANDY RUN LDFL LLC/HOPEWELL,640059,Y,Renewal,Title V Operating Permit,,ISSU,2022-01-25 00:00:00,2022-08-05 00:00:00,2027-08-31 00:00:00,1382952[05-05014]_Issued_v1.pdf
Southcentral,Bedford,East Saint Clair Township,BEDFORD REINFORCED PLASTICS INC,BEDFORD REINFORCED PLASTICS INC,451750,BEDFORD REINFORCED PLASTICS/BEDFORD PLT,478781,Y,Renewal,Title V Operating Permit,,ISSU,2025-05-29 00:00:00,2025-09-16 00:00:00,2030-11-30 00:00:00,1529065[05-05022]_Issued_v3.pdf
Southcentral,Bedford,King Township,CORLE BLDG SYS INC,CORLE BLDG SYS,658893,CORLE BLDG SYS INC/BEDFORD CNTY,756634,Y,Renewal,Title V Operating Permit,,ISSU,2025-02-24 00:00:00,2026-01-09 00:00:00,2031-01-31 00:00:00,1517127[05-05027]_Issued_v1.pdf
Southcentral,Bedford,Mann Township,COLUMBIA GAS TRANS LLC,COLUMBIA GAS TRANS,270481,COLUMBIA GAS TRANS LLC/ARTEMAS COMP STA,465799,Y,Renewal,Title V Operating Permit,,ISSU,2023-07-25 00:00:00,2024-07-16 00:00:00,2029-07-31 00:00:00,1448413[05-05006]_Issued_v1.pdf
Southcentral,Bedford,Napier Township,BEDFORD TECH PROD LLC,BEDFORD TECH PROD,452149,BEDFORD TECH PROD LLC/BEDFORD,469647,Y,Renewal,Title V Operating Permit,,ISSU,2020-10-02 00:00:00,2021-08-04 00:00:00,2026-08-31 00:00:00,1329378[05-05005]_Issued_v1.pdf
Southcentral,Bedford,West Saint Clair Township,HILL & SMITH HOLDINGS INC,CREATIVE PULTRUSION FIBERGLASS PULTRUSION,262055,CREATIVE PULTRUSIONS INC/ W ST CLAIR,280164,Y,Renewal,Title V Operating Permit,,ISSU,2023-09-13 00:00:00,2024-02-27 00:00:00,2029-08-31 00:00:00,1454558[05-05021]_Issued_v1.pdf
Southcentral,Berks,Birdsboro Borough,BIRDSBORO POWER LLC,BIRDSBORO POWER LLC NGCC PROJ,809342,BIRDSBORO POWER LLC/BIRDSBORO POWER PROJECT,802958,Y,New,Title V Operating Permit,,ISSU,2019-10-31 00:00:00,2020-12-31 00:00:00,2025-12-31 00:00:00,1294817[06-05154]_Issued_v2.pdf
Southcentral,Berks,Caernarvon Township,EDL HOLDINGS US INC,ENERGY DEVS LDFL GAS TRMT PLT CAERNARVON,751728,ENERGY DEVS MORGANTOWN LLC/CAERNARVON TWP,651609,Y,Renewal,Title V Operating Permit,,ISSU,2023-09-27 00:00:00,2023-10-05 00:00:00,2028-10-31 00:00:00,1456722[06-05115]_Issued_v1.pdf
Southcentral,Berks,Cumru Township,NEXTERA RENEWABLE FUELS LLC,WESTERN BERKS COMM LDFL & RECYCLING CTR/ BIRDSBORO,451623,NEXTERA RENEWABLE FUELS LLC/WESTERN BERKS LDFL,859217,Y,New,Title V Operating Permit,,ISSU,2024-09-06 00:00:00,2025-04-08 00:00:00,2030-04-30 00:00:00,1498445[06-05160]_Issued_v1.pdf
Southcentral,Berks,Exeter Township,PIONEER CROSSING ENERGY LLC,PIONEER CROSSING LANDFILL,463199,PIONEER CROSSING ENERGY LLC/EXETER,668703,Y,Renewal,Title V Operating Permit,,ISSU,2022-04-28 00:00:00,2023-05-05 00:00:00,2028-05-31 00:00:00,1393868[06-05105]_Issued_v5.pdf
Southcentral,Berks,Maidencreek Township,HEIDELBERG MATERIALS US CEMENT LLC,HEIDLEBERG MATERIALS US CEMENT EVANSVILLE PLT,256042,HEIDELBERG MATERIALS US CEMENT LLC/EVANSVILLE CEMENT PLT & Q,268834,Y,Renewal,Title V Operating Permit,,ISSU,2025-04-23 00:00:00,2025-11-03 00:00:00,2030-11-30 00:00:00,1524573[06-05002]_Issued_v1.pdf
Southcentral,Berks,Muhlenberg Township,NPX ONE LLC,NPX ONE LLC,512834,NPX ONE/READING,245616,Y,Renewal,Title V Operating Permit,,ISSU,2024-03-28 00:00:00,2025-08-06 00:00:00,2030-08-31 00:00:00,1479307[06-05036]_Issued_v1.pdf
Southcentral,Berks,New Morgan Borough,NEW MORGAN LDFL CO INC,CONESTOGA LDFL,505264,NEW MORGAN LDFL CO INC/CONESTOGA LDFL NEW MORGAN B,509799,Y,Renewal,Title V Operating Permit,,ISSU,2021-09-17 00:00:00,2022-09-09 00:00:00,2027-09-30 00:00:00,1369609[06-05085]_Issued_v1.pdf
Southcentral,Berks,Ontelaunee Township,ONTELAUNEE POWER OPR CO LLC,ONTELAUNEE ENERGY CENTER,524211,ONTELAUNEE POWER OPR CO LLC/ONTELAUNEE PLT,547395,Y,Renewal,Title V Operating Permit,,ISSU,2021-04-01 00:00:00,2022-05-10 00:00:00,2027-05-31 00:00:00,1347896[06-05100]_Issued_v2.pdf
Southcentral,Berks,Perry Township,GLEN GERY CORP,GLEN GERY SHOEMAKERSVILLE 2 QUARRY,392316,GLEN GERY CORP/MID ATLANTIC PLT,493615,Y,Renewal,Title V Operating Permit,,ISSU,2022-11-21 00:00:00,2023-11-30 00:00:00,2028-11-30 00:00:00,1418190[06-05065]_Issued_v2.pdf
Southcentral,Berks,Spring Township,ENERGY TRANSFER MKT & TERM LP,MONTELLO TERMINAL,442130,ENERGY TRANSFER MARKETING & TERMINALS LP/MONTELLO TERMINAL,465630,Y,Renewal,Title V Operating Permit,,ISSU,2024-03-27 00:00:00,2025-02-07 00:00:00,2030-02-28 00:00:00,1478881[06-05064]_Issued_v1.pdf
Southcentral,Berks,Spring Township,SUNOCO PIPELINE LP,MONTELLO TERMINAL,442130,SUNOCO PIPELINE LP/MONTELLO PUMP STATION,465629,Y,Renewal,Title V Operating Permit,,ISSU,2024-12-16 00:00:00,2025-04-01 00:00:00,2031-02-28 00:00:00,1509785[06-05050]_Issued_v1.pdf
Southcentral,Blair,Allegheny Township,ALTOONA TERM DE LLC,ALTOONA BULK PETROLEUM STORAGE TERM,443625,ALTOONA TERM DE LLC/ALTOONA,467812,Y,Renewal,Title V Operating Permit,,ISSU,2025-01-15 00:00:00,2025-06-26 00:00:00,2030-07-31 00:00:00,1512661[07-05004B]_Issued_v1.pdf
Southcentral,Blair,Allegheny Township,ST PROD LLC DBA WIELAND SMALL TUBE PROD,ST PRODUCTS LLC DBA WIELAND SMALL TUBE PRODUCTS,254652,ST PROD LLC DBA WIELAND SMALL TUBE PROD/ALTOONA,266025,Y,Renewal,Title V Operating Permit,,ISSU,2025-06-03 00:00:00,2025-09-30 00:00:00,2030-12-31 00:00:00,1529400[07-05010]_Issued_v1.pdf
Southcentral,Blair,Hollidaysburg Borough,CURRY SUPPLY CO,CURRY SUPPLY CO,450714,CURRY SUPPLY CO/HOLLIDAYSBURG,808453,Y,Renewal,Title V Operating Permit,,ISSU,2024-10-09 00:00:00,2025-08-20 00:00:00,2030-09-30 00:00:00,1502709[07-05045]_Issued_v1.pdf
Southcentral,Cumberland,Hopewell Township,COMM REFUSE SVC LLC,COMM REFUSE SVC CUMBERLAND CNTY LDFL,254520,COMM REFUSE SVC INC/CUMBERLAND CNTY LDFL,494296,Y,Renewal,Title V Operating Permit,,ISSU,2023-11-29 00:00:00,2024-12-05 00:00:00,2029-12-31 00:00:00,1463294[21-05031]_Issued_v2.pdf
Southcentral,Cumberland,Hopewell Township,NEXTERA RENEWABLE FUELS LLC,COMM REFUSE SVC CUMBERLAND CNTY LDFL,254520,NEXTERA RENEWABLE FUELS LLC/CUMBERLAND CNTY LDFL,703460,Y,Renewal,Title V Operating Permit,,ISSU,2020-12-02 00:00:00,2022-02-10 00:00:00,2027-02-28 00:00:00,1335104[21-05053]_Issued_v1.pdf
Southcentral,Cumberland,South Middleton Township,VITRO FLAT GLASS LLC,VITRO FLAT GLASS MFG PLT,248363,VITRO FLAT GLASS LLC/CARLISLE,254696,Y,Renewal,Title V Operating Permit,,ISSU,2021-02-02 00:00:00,2022-02-16 00:00:00,2027-02-28 00:00:00,1341232[21-05002]_Issued_v1.pdf
Southcentral,Dauphin,Harrisburg City,THE AMES CO INC,THE AMES COMPANIES INC HARRISBURG,248956,AMES TRUE TEMPER INC/HARRISBURG,556211,Y,Renewal,Title V Operating Permit,,ISSU,2018-03-01 00:00:00,2018-12-21 00:00:00,2023-12-31 00:00:00,1219406[22-05014]_Issued_v1.pdf
Southcentral,Dauphin,Harrisburg City,ENERGY CTR HBG LLC,ENERGY CENTER HARRISBURG LLC,253439,ENERGY CTR HBG LLC/ENERGY CTR PAXTON LLC,561026,Y,Renewal,Title V Operating Permit,,ISSU,2025-05-16 00:00:00,2025-12-23 00:00:00,2030-12-31 00:00:00,1527495[22-05005]_Issued_v2.pdf
Southcentral,Dauphin,Harrisburg City,LANCASTER CNTY SWMA,SUSQUEHANNA RESOURCE MANAGEMENT COMPLEX,450856,LANCASTER CNTY SWMA/SUSQ RESOURCE MGMT COMPLEX,481371,Y,Renewal,Title V Operating Permit,,ISSU,2022-05-09 00:00:00,2023-02-14 00:00:00,2028-02-29 00:00:00,1395943[22-05007]_Issued_v2.pdf
Southcentral,Dauphin,Steelton Borough,DURA BOND PIPE LLC,DURA BOND STEEL PIPE COATING STEELTON PLT,253373,DURA BOND PIPE LLC/STEELTON,263454,Y,Renewal,Title V Operating Permit,,ISSU,2021-02-10 00:00:00,2022-03-10 00:00:00,2027-03-31 00:00:00,1342646[22-05047]_Issued_v1.pdf
Southcentral,Franklin,Antrim Township,GROVE US LLC,GROVE US LLC- SHADY GROVE FAC,446740,GROVE US LLC/SHADY GROVE PLT,472164,Y,Renewal,Title V Operating Permit,,ISSU,2024-11-22 00:00:00,2025-08-01 00:00:00,2030-12-31 00:00:00,1507705[28-05004]_Issued_v1.pdf
Southcentral,Franklin,Greene Township,NEXTERA RENEWABLE FUELS LLC,BLUE RIDGE LDFL CO,527291,NEXTERA RENEWABLE FUELS LLC/BLUE RIDGE LDFL,741507,Y,Renewal,Title V Operating Permit,,ISSU,2020-05-07 00:00:00,2022-02-03 00:00:00,2027-02-28 00:00:00,1313709[28-05045]_Issued_v1.pdf
Southcentral,Franklin,Guilford Township,CHAMBERSBURG ENERGY LLC,CHAMBERSBURG GENERATING FAC COMBUSTION TURBINE PLT,542636,CHAMBERSBURG ENERGY LLC/CHAMBERSBURG,574533,Y,Renewal,Title V Operating Permit,,ISSU,2023-09-07 00:00:00,2024-06-12 00:00:00,2029-06-30 00:00:00,1454184[28-05028]_Issued_v2.pdf
Southcentral,Franklin,Montgomery Township,COLUMBIA GAS TRANS LLC,COLUMBIA GAS FRANKLIN CNTY,442298,COLUMBIA GAS TRANS CORP/GREENCASTLE,465879,Y,Renewal,Title V Operating Permit,,ISSU,2023-08-24 00:00:00,2024-09-30 00:00:00,2029-09-30 00:00:00,1452042[28-05003]_Issued_v1.pdf
Southcentral,Franklin,Shippensburg Borough,VOLVO CONST EQUIP NORTH AMER LLC,VOLVO CONSTRUCTION EQUIPMENT,246205,VOLVO CONST EQUIP NORTH AMER LLC/SHIPPENSBURG,251762,Y,Renewal,Title V Operating Permit,,ISSU,2023-09-29 00:00:00,2024-08-26 00:00:00,2029-08-31 00:00:00,1457013[28-05012]_Issued_v1.pdf
Southcentral,Fulton,Ayr Township,JLG IND INC,JLG INDUSTRIES INC,263225,JLG IND/MCCONNELLSBURG,282300,Y,Renewal,Title V Operating Permit,,ISSU,2023-11-20 00:00:00,2024-07-02 00:00:00,2029-07-31 00:00:00,1462689[29-05001]_Issued_v1.pdf
Southcentral,Huntingdon,Brady Township,US SILICA CO,KEYSTONE WORKS,257190,US SILICA/MAPLETON DEPOT PLT,270838,Y,Renewal,Title V Operating Permit,,ISSU,2021-07-21 00:00:00,2022-09-12 00:00:00,2027-09-30 00:00:00,1362206[31-05011]_Issued_v1.pdf
Southcentral,Huntingdon,Shirley Township,FIBER GLASS SYS INC,FIBERGLASS SYS TANK MFG,262785,FIBER GLASS SYS INC/MT UNION PLT,281671,Y,Renewal,Title V Operating Permit,,ISSU,2020-02-18 00:00:00,2020-08-14 00:00:00,2026-03-31 00:00:00,1306625[31-05005]_Issued_v1.pdf
Southcentral,Huntingdon,Smithfield Township,PA DEPT OF CORR HUNTINGDON STATE CORR INST,STATE CORR INSTITUTION HUNTINGDON,455418,PA DEPT OF CORR/STATE CORR INST AT HUNTINGDON,483410,Y,New,Title V Operating Permit,,ISSU,2014-08-08 00:00:00,2015-02-10 00:00:00,2020-02-28 00:00:00,1038063[31-05021]_Issued_v2.pdf
Southcentral,Huntingdon,Todd Township,TEXAS EASTERN TRANS LP,TETLP ENTRIKEN,442883,TEXAS EASTERN TRANS LP/ENTRIKEN STA,466789,Y,Renewal,Title V Operating Permit,,ISSU,2020-09-21 00:00:00,2021-10-05 00:00:00,2026-10-31 00:00:00,1327820[31-05019]_Issued_v1.pdf
Southcentral,Juniata,Lack Township,TEXAS EASTERN TRANS LP,TETLP PERULACK SUCTION LOOP P&J,442911,TEXAS EASTERN TRANS LP/PERULACK STA,466823,Y,Renewal,Title V Operating Permit,,ISSU,2023-08-01 00:00:00,2025-07-22 00:00:00,2030-07-31 00:00:00,1449131[34-05002]_Issued_v1.pdf
Southcentral,Lancaster,Caernarvon Township,CHESTER CNTY SWA,LANCHESTER LDFL,249245,CHESTER CNTY SOLID WASTE AUTH/LANCHESTER LANDFILL,509972,Y,Renewal,Title V Operating Permit,,ISSU,2024-05-10 00:00:00,2024-12-04 00:00:00,2029-12-31 00:00:00,1485410[36-05079]_Issued_v3.pdf
Southcentral,Lancaster,Caernarvon Township,EDL HOLDINGS US INC,ENERGY DEVELOPMENTS HONEY BROOK CAENARVON TWP,638604,ENERGY DEVS HONEY BROOK LLC/CAERNARVON TWP,654027,Y,Renewal,Title V Operating Permit,,ISSU,2023-09-27 00:00:00,2023-10-05 00:00:00,2028-10-31 00:00:00,1456674[36-05136]_Issued_v1.pdf
Southcentral,Lancaster,Columbia Borough,ASC ENGINEERED SOLUTIONS LLC,ASC ENG SOLUTIONS ANVIL INTL IRON FOUNDRY COLUMBIA,443864,ASC ENGINEERED SOLUTIONS LLC/COLUMBIA FKA ANVIL,468161,Y,Renewal,Title V Operating Permit,,ISSU,2024-07-24 00:00:00,2025-08-08 00:00:00,2030-08-31 00:00:00,1493231[36-05019]_Issued_v3.pdf
Southcentral,Lancaster,Conoy Township,PERDUE AGRIBUSINESS LLC,PERDUE SOYBEAN PROCESSING FACILITY MARIETTA,762909,PERDUE AGRIBUSINESS LLC/MARIETTA,753880,Y,New,Title V Operating Permit,,ISSU,2024-02-05 00:00:00,2024-11-14 00:00:00,2029-11-30 00:00:00,1472296[36-05158]_Issued_v1.pdf
Southcentral,Lancaster,East Donegal Township,ARMSTRONG WORLD IND INC,ARMSTRONG WORLD INDUSTRIES,238314,ARMSTRONG WORLD IND INC/MARIETTA CEILING PLT,241057,Y,Renewal,Title V Operating Permit,,ISSU,2021-04-27 00:00:00,2022-05-05 00:00:00,2027-05-31 00:00:00,1351254[36-05001]_Issued_v1.pdf
Southcentral,Lancaster,East Donegal Township,TEXAS EASTERN TRANS LP,TETLP MARIETTA 24A,245874,TEXAS EASTERN TRANS LP/MARIETTA,467354,Y,Renewal,Title V Operating Permit,,ISSU,2023-11-28 00:00:00,2024-09-03 00:00:00,2029-09-30 00:00:00,1463165[36-05025]_Issued_v1.pdf
Southcentral,Lancaster,East Earl Township,CONESTOGA WOOD SPECIALTIES CORP,CONESTOGA WOOD SPECIALTIES,508472,CONESTOGA WOOD SPECIALTIES/EAST EARL,6272,Y,Renewal,Title V Operating Permit,,ISSU,2025-09-02 00:00:00,2025-11-18 00:00:00,2031-03-31 00:00:00,1540476[36-05017]_Issued_v2.pdf
Southcentral,Lancaster,East Lampeter Township,DART CONTAINER CORP OF PA,DART CONTAINER CORP,271185,DART CONTAINER CORP/E LAMPETER WHSE,524005,Y,Renewal,Title V Operating Permit,,ISSU,2025-04-25 00:00:00,2025-11-25 00:00:00,2030-11-30 00:00:00,1524610[36-05117]_Issued_v1.pdf
Southcentral,Lancaster,East Lampeter Township,HIGH STEEL STRUCTURES LLC,HIGH STEEL BRIDGE BEAM MFG MAIN PLT LANCASTER,239215,HIGH STEEL STRUCTURES LLC/LANCASTER FACILITY,242263,Y,Renewal,Title V Operating Permit,,ISSU,2024-12-16 00:00:00,2025-05-13 00:00:00,2030-06-30 00:00:00,1509881[36-05029]_Issued_v1.pdf
Southcentral,Lancaster,Manor Township,LANCASTER CNTY SWMA,FREY FARM LANDFILL,450744,LANCASTER CNTY SWMA/FREY FARM CRESWELL LDFL,522092,Y,Renewal,Title V Operating Permit,,ISSU,2020-11-24 00:00:00,2021-12-01 00:00:00,2026-12-31 00:00:00,1334424[36-05081]_Issued_v1.pdf
Southcentral,Lancaster,Manor Township,NEXTERA RENEWABLE FUELS LLC,FREY FARM LANDFILL,450744,NEXTERA RENEWABLE FUELS LLC/FREY FARM CRESWELL LDFL,665503,Y,Renewal,Title V Operating Permit,,ISSU,2021-08-17 00:00:00,2022-06-23 00:00:00,2027-11-30 00:00:00,1365753[36-05146]_Issued_v3.pdf
Southcentral,Lancaster,New Holland Borough,CNH INDUSTRIAL AMERICA LLC,CNH AMER LLC,450827,CNH IND AMERICA LLC/NEW HOLLAND,477464,Y,Renewal,Title V Operating Permit,,ISSU,2025-04-11 00:00:00,2025-07-16 00:00:00,2030-12-31 00:00:00,1523166[36-05028]_Issued_v1.pdf
Southcentral,Lancaster,Providence Township,BUCK CO LLC,BUCK CO,443832,BUCK CO LLC/QUARRYVILLE,468105,Y,Renewal,Title V Operating Permit,,ISSU,2024-09-30 00:00:00,2025-07-14 00:00:00,2030-07-31 00:00:00,1501137[36-05053]_Issued_v2.pdf
Southcentral,Lancaster,Upper Leacock Township,EUROFINS LANCASTER LAB LLC,EUROFINS LANCASTER LAB LLC,444131,EUROFINS LANCASTER LABS LLC/LANCASTER,494274,Y,Renewal,Title V Operating Permit,,ISSU,2024-04-22 00:00:00,2025-05-12 00:00:00,2030-05-31 00:00:00,1481667[36-05134]_Issued_v1.pdf
Southcentral,Lancaster,Upper Leacock Township,M SIMON ZOOK CO DBA GOLDEN BARREL PROD,GOLDEN BARREL FOODGRADE PROD LEOLA,492191,M SIMON ZOOK CO DBA GOLDEN BARREL PROD/LEOLA,668882,Y,Renewal,Title V Operating Permit,,ISSU,2020-10-19 00:00:00,2021-08-11 00:00:00,2026-08-31 00:00:00,1330811[36-05156]_Issued_v1.pdf
Southcentral,Lancaster,West Donegal Township,AQUATIC CO,AQUATIC CO BATHWARE,241327,AQUATIC CO/W DONEGAL TWP,245055,Y,Renewal,Title V Operating Permit,,ISSU,2023-04-13 00:00:00,2023-11-07 00:00:00,2028-12-31 00:00:00,1435755[36-05018]_Issued_v1.pdf
Southcentral,Lebanon,North Annville Township,NEXTERA RENEWABLE FUELS LLC,GREATER LEBANON REFUSE LDFL,248521,NEXTERA RENEWABLE FUELS LLC/GREATER LEBANON LDFL,681499,Y,Renewal,Title V Operating Permit,,ISSU,2023-10-13 00:00:00,2024-09-24 00:00:00,2029-09-30 00:00:00,1458422[38-05035]_Issued_v1.pdf
Southcentral,Lebanon,North Lebanon Township,GREATER LEBANON REFUSE AUTH,GREATER LEBANON REFUSE LDFL,248521,GREATER LEBANON REFUSE AUTH/LDFL 100825 & 101544,522732,Y,Renewal,Title V Operating Permit,,ISSU,2025-06-06 00:00:00,2025-11-14 00:00:00,2030-12-31 00:00:00,1530111[38-05017]_Issued_v1.pdf
Southcentral,Lebanon,North Londonderry Township,CARMEUSE LIME INC,PENNSY SUPPLY MILLARD QUARRY & CARMEUSE LIME MFG,248338,CARMEUSE LIME INC/MILLARD LIME PLT,254656,Y,Renewal,Title V Operating Permit,,ISSU,2022-03-24 00:00:00,2023-02-22 00:00:00,2028-02-29 00:00:00,1390327[38-05003]_Issued_v3.pdf
Southcentral,Lebanon,South Annville Township,WEABER INC,WEABER LUMBER MILL LEBANON,250882,WEABER INC/SOUTH ANNVILLE TWP,522957,Y,Renewal,Title V Operating Permit,,ISSU,2025-01-21 00:00:00,2025-05-20 00:00:00,2030-07-31 00:00:00,1513266[38-05022]_Issued_v2.pdf
Southcentral,Lebanon,South Lebanon Township,AMCOR FLEXIBLES NORTH AMER INC,AMCOR PKG MFG PLT LEBANON,484947,AMCOR FLEXIBLES NORTH AMER INC/LEBANON,555131,Y,Renewal,Title V Operating Permit,,ISSU,2020-08-13 00:00:00,2021-07-19 00:00:00,2026-07-31 00:00:00,1323861[38-05041]_Issued_v1.pdf
Southcentral,Lebanon,South Lebanon Township,HELIX IRONWOOD LLC,IRONWOOD GENERATING STATION,492619,HELIX IRONWOOD LLC/LEBANON,520573,Y,Renewal,Title V Operating Permit,,ISSU,2022-11-18 00:00:00,2024-08-27 00:00:00,2029-08-31 00:00:00,1417921[38-05019]_Issued_v1.pdf
Southcentral,York,Lower Windsor Township,REPUBLIC SVC OF PA LLC,MODERN LDFL,249052,REPUBLIC SVC OF PA LLC/MODERN LDFL,480433,Y,Renewal,Title V Operating Permit,,ISSU,2021-04-16 00:00:00,2022-05-03 00:00:00,2027-05-31 00:00:00,1349870[67-05047]_Issued_v1.pdf
Southcentral,York,Manchester Township,YORK CNTY SOLID WASTE & REFUSE AUTH,YORK CNTY ASH RECYCLING & PROC FAC,445929,YORK CNTY SOLID WASTE/YORK CNTY RESOURCE RECOVERY,471126,Y,Renewal,Title V Operating Permit,,ISSU,2021-04-13 00:00:00,2022-01-12 00:00:00,2027-01-31 00:00:00,1349364[67-05006]_Issued_v1.pdf
Southcentral,York,Peach Bottom Township,CALPINE MID MERIT II LLC,YORK ENERGY CENTER BLOCK 2,543800,CALPINE MID MERIT II LLC/ YORK ENERGY CENTER BLOCK 2,562531,Y,New,Title V Operating Permit,,ISSU,2025-07-09 00:00:00,2025-12-09 00:00:00,2030-12-31 00:00:00,1536528[67-05147]_Issued_v3.pdf
Southcentral,York,Spring Grove Borough,PIXELLE SPECIALTY SOLUTIONS LLC,SPRING GROVE PULP & PAPER MILL,249607,PIXELLE SPEC SOLUTIONS LLC/SPRING GROVE,256841,Y,Renewal,Title V Operating Permit,,ISSU,2024-08-29 00:00:00,2025-09-09 00:00:00,2030-09-30 00:00:00,1497954[67-05004]_Issued_v1.pdf
Southcentral,York,West Manchester Township,BAE SYS LAND & ARMAMENTS LP,BAE SYSTEMS,451164,BAE SYS LAND & ARMAMENTS LP/YORK,291743,Y,Renewal,Title V Operating Permit,,ISSU,2023-07-13 00:00:00,2024-08-16 00:00:00,2029-08-31 00:00:00,1447227[67-05114]_Issued_v1.pdf
Southcentral,York,West Manchester Township,LEHIGH WHITE CEMENT CO LLC,LEHIGH WHITE CEMENT CO YORK FAC,271574,LEHIGH WHITE CEMENT CO LLC/YORK,294589,Y,Renewal,Title V Operating Permit,,ISSU,2023-06-05 00:00:00,2024-09-05 00:00:00,2029-09-30 00:00:00,1443202[67-05024]_Issued_v1.pdf
Southcentral,York,York City,YORK WALLCOVERINGS INC,YORK WALLCOVERINGS INC,252834,YORK WALLCOVERINGS INC/YORK,262451,Y,Renewal,Title V Operating Permit,,ISSU,2022-02-03 00:00:00,2023-03-07 00:00:00,2028-03-31 00:00:00,1383888[67-05027]_Issued_v2.pdf
Southcentral,York,York Township,GICHNER SYSTEMS GROUP INC,GICHNER SYSTEMS GROUP SHELTER MFG DALLASTOWN,451019,GICHNER SYSTEMS GROUP INC/DALLASTOWN PLT,477738,Y,Renewal,Title V Operating Permit,,ISSU,2020-02-18 00:00:00,2020-12-11 00:00:00,2025-12-31 00:00:00,1305679[67-05033]_Issued_v1.pdf
Southeast,Bucks,Bensalem Township,NORTHEAST FOODS INC,BAKE RITE ROLLS DIV NE FOODS,2379,NORTHEAST FOODS INC/BAKE RITE ROLLS DIV,3185,Y,Renewal,Title V Operating Permit,,ISSU,2021-07-12 00:00:00,2023-02-22 00:00:00,2028-02-21 00:00:00,1365160[09-00014]_Issued_v1.pdf
Southeast,Bucks,Bristol Township,ALTUGLAS LLC,ALTUGLAS LLC,494572,ALTUGLAS LLC/BRISTOL TWP,544042,Y,Renewal,Title V Operating Permit,,ISSU,2022-05-26 00:00:00,2023-01-27 00:00:00,2028-01-31 00:00:00,1399806[09-00122]_Issued_v1.pdf
Southeast,Bucks,Bristol Township,CONSTELLATION ENERGY GENERATION LLC,CONSTELLATION ENERGY BRISTOL FAC,459035,CONSTELLATION ENERGY GENERATION LLC/CROYDON GEN STA,240953,Y,Renewal,Title V Operating Permit,,ISSU,2024-04-16 00:00:00,2025-10-16 00:00:00,2030-10-15 00:00:00,1480938[09-00016]_Issued_v1.pdf
Southeast,Bucks,Falls Township,BRIGHTSMITH LLC,BRIGHTSMITH LLC MORRISVILLE FAC,710,BRIGHTSMITH LLC/FALLS TWP,915,Y,Renewal,Title V Operating Permit,,ISSU,2021-07-01 00:00:00,2023-10-04 00:00:00,2028-10-03 00:00:00,1365157[09-00030]_Issued_v1.pdf
Southeast,Bucks,Falls Township,CONSTELLATION ENERGY GENERATION LLC,CONSTELLATION ENERGY FALLS GENERATING STA,462141,CONSTELLATION ENERGY GENERATION CO/FALLS TWP PEAK PWR PLT,491700,Y,Renewal,Title V Operating Permit,,ISSU,2024-07-03 00:00:00,2026-01-21 00:00:00,2031-01-20 00:00:00,1491074[09-00017]_Issued_v1.pdf
Southeast,Bucks,Falls Township,EDGEWATER GENERATION HOLDINGS LLC,FAIRLESS ENERGY LLC,530054,FAIRLESS ENERGY LLC/FALLS TWP,566437,Y,Renewal,Title V Operating Permit,,ISSU,2024-10-08 00:00:00,2025-06-04 00:00:00,2030-06-03 00:00:00,1502013[09-00124]_Issued_v1.pdf
Southeast,Bucks,Falls Township,LIBERTY COATING CO LLC,LIBERTY COATING MORRISVILLE FAC,532268,LIBERTY COATING CO LLC/MORRISVILLE,647346,Y,Renewal,Title V Operating Permit,,ISSU,2021-01-25 00:00:00,2021-09-14 00:00:00,2026-09-30 00:00:00,1340306[09-00174]_Issued_v1.pdf
Southeast,Bucks,Falls Township,SIMS METAL EAST LLC,SIMSMETAL EAST MORRISVILLE FAC,647550,SIMSMETAL EAST LLC/MORRISVILLE,673376,Y,New,Title V Operating Permit,,ISSU,2023-06-05 00:00:00,2025-03-13 00:00:00,2030-03-12 00:00:00,1442509[09-00187]_Issued_v1.pdf
Southeast,Bucks,Falls Township,WASTE MGMT DSPL SVC OF PA INC,GROWS LDFL WASTE MGMT,246680,WASTE MGMT DSPL SVC /GROWS LDFL,252449,Y,Renewal,Title V Operating Permit,,ISSU,2025-05-06 00:00:00,2025-11-13 00:00:00,2030-11-22 00:00:00,1526123[09-00007]_Issued_v1.pdf
Southeast,Bucks,Falls Township,WASTE MGMT OF FAIRLESS LLC,FAIRLESS AREA PARCEL,769292,WASTE MGMT OF FAIRLESS/FAIRLESS LDFL,721611,Y,New,Title V Operating Permit,,ISSU,2017-08-14 00:00:00,2020-03-09 00:00:00,2025-03-31 00:00:00,1197585[09-00210]_Issued_v1.pdf
Southeast,Bucks,New Britain Township,QUAD GRAPHICS MKT INC,QUAD/GRAPHICS MARKETING LLC,236734,QUAD GRAPHICS MARKETING LLC/CHALFONT,238848,Y,Renewal,Title V Operating Permit,,ISSU,2022-03-23 00:00:00,2023-06-07 00:00:00,2028-06-06 00:00:00,1389394[09-00009]_Issued_v1.pdf
Southeast,Bucks,Richland Township,AVERY DENNISON CORP,AVERY DENNISON CORP QUAKERTOWN PLT,4102,AVERY DENNISON CORP/QUAKERTOWN,5560,Y,Renewal,Title V Operating Permit,,ISSU,2016-09-01 00:00:00,2017-10-06 00:00:00,2022-10-06 00:00:00,1151686[09-00001]_Issued_v1.pdf
Southeast,Bucks,Upper Southampton Township,SUPERPAC INC,SUPERPAC PRINTING PLT,419,SUPERPAC INC/SOUTHAMPTON,519,Y,Renewal,Title V Operating Permit,,ISSU,2021-07-12 00:00:00,2022-08-16 00:00:00,2027-08-15 00:00:00,1365323[09-00003]_Issued_v1.pdf
Southeast,Chester,Coatesville City,CLEVELAND CLIFFS PLATE LLC,CLEVELAND CLIFFS PLATE LLC COATESVILLE PLT,455714,CLEVELAND CLIFFS PLATE/COATESVILLE,483776,Y,Renewal,Title V Operating Permit,,ISSU,2024-02-05 00:00:00,2024-08-27 00:00:00,2029-10-02 00:00:00,1471710[15-00010]_Issued_v1.pdf
Southeast,Chester,East Whiteland Township,BUCKEYE TERM LLC,BUCKEYE TERM LLC MALVERN TERM,4597,BUCKEYE TERM LLC/MALVERN TERM,548845,Y,Renewal,Title V Operating Permit,,ISSU,2022-05-16 00:00:00,2023-07-10 00:00:00,2028-07-09 00:00:00,1397760[15-00008]_Issued_v1.pdf
Southeast,Chester,London Grove Township,SOUTHEASTERN CHESTER CNTY REFUSE AUTH,SECCRA LDFL,454054,SECCRA LDFL/LONDON GROVE TWP,549239,Y,Renewal,Title V Operating Permit,,ISSU,2023-08-16 00:00:00,2025-04-22 00:00:00,2030-04-21 00:00:00,1451103[15-00060]_Issued_v1.pdf
Southeast,Chester,Oxford Borough,"FLOWERS BAKING CO OF OXFORD, INC",FLOWERS BAKING COMPANY OF OXFORD,485040,FLOWERS BAKING CO/OXFORD PLT,566161,Y,Renewal,Title V Operating Permit,,ISSU,2024-06-10 00:00:00,2025-03-03 00:00:00,2030-03-02 00:00:00,1487916[15-00104]_Issued_v1.pdf
Southeast,Chester,West Chester Borough,ARKEMA INC,ARKEMA INC,454704,ARKEMA INC/WEST CHESTER,482559,Y,Renewal,Title V Operating Permit,,ISSU,2025-06-02 00:00:00,2026-02-05 00:00:00,2031-02-04 00:00:00,1530224[15-00015]_Issued_v1.pdf
Southeast,Chester,West Vincent Township,COLUMBIA GAS TRANS LLC,"COLUMBIA GAS TRANS LLC, EAGLE COMPRESSOR STA",238164,COLUMBIA GAS TRANS LLC/EAGLE,240813,Y,Renewal,Title V Operating Permit,,ISSU,2019-05-16 00:00:00,2020-09-17 00:00:00,2025-09-16 00:00:00,1273522[15-00022]_Issued_v1.pdf
Southeast,Delaware,Chester  City,CONSTELLATION ENERGY GENERATION LLC,CONSTELLATION ENERGY GENERATION CO/CHESTER,465956,CONSTELLATION ENERGY GENERATING STA/ CHESTER,548104,Y,Renewal,Title V Operating Permit,,ISSU,2024-04-29 00:00:00,2025-07-23 00:00:00,2030-07-22 00:00:00,1483956[23-00018]_Issued_v1.pdf
Southeast,Delaware,Chester  City,KIMBERLY CLARK CORP,KIMBERLY CLARK CORP CHESTER OPR,237860,KIMBERLY CLARK CORP/CHESTER OPR,240406,Y,Renewal,Title V Operating Permit,,ISSU,2024-09-20 00:00:00,2025-09-18 00:00:00,2030-09-17 00:00:00,1500186[23-00014]_Issued_v1.pdf
Southeast,Delaware,Eddystone Borough,CONSTELLATION ENERGY GENERATION LLC,EDDYSTONE GENERATING STATION,239482,CONSTELLATION ENERGY GENERATION LLC/EDDYSTONE,242584,Y,Renewal,Title V Operating Permit,,ISSU,2023-08-11 00:00:00,2025-04-17 00:00:00,2030-04-16 00:00:00,1450624[23-00017]_Issued_v1.pdf
Southeast,Delaware,Eddystone Borough,LIBERTY ELEC POWER LLC,LIBERTY ELEC POWER EDDYSTONE FAC,520790,LIBERTY ELEC POWER LLC/EDDYSTONE PLT,560799,Y,Renewal,Title V Operating Permit,,ISSU,2020-05-13 00:00:00,2022-05-19 00:00:00,2027-05-18 00:00:00,1315568[23-00082]_Issued_v1.pdf
Southeast,Delaware,Marcus Hook Borough,BRASKEM AMER INC,BRASKEM AMERICA INC,512277,BRASKEM AMER INC/MARCUS HOOK,515469,Y,Renewal,Title V Operating Permit,,ISSU,2024-07-02 00:00:00,2025-08-14 00:00:00,2030-08-13 00:00:00,1490894[23-00012]_Issued_v1.pdf
Southeast,Delaware,Marcus Hook Borough,ENERGY TRANSFER MKT & TERM LP,MARCUS HOOK TERMINAL,270459,ENERGY TRANSF MKT & TERM LP/MARCUS HOOK TERM,757998,Y,Renewal,Title V Operating Permit,,ISSU,2024-07-31 00:00:00,2025-06-04 00:00:00,2030-06-03 00:00:00,1508601[23-00119]_Issued_v1.pdf
Southeast,Delaware,Tinicum Township,ENERGY TRANSFER MKT & TERM LP,FORT MIFFLIN TERMINAL,444985,ENERGY TRANSFER MKT & TERM LP/FT MIFFLIN,469846,Y,Renewal,Title V Operating Permit,,ISSU,2019-11-13 00:00:00,2021-05-12 00:00:00,2026-05-11 00:00:00,1297084[23-00037]_Issued_v1.pdf
Southeast,Delaware,Upper Chichester Township,ENERGY TRANSFER MKT & TERM LP,ENERGY TRANSFER MKT & TERM LP TANK FARM 2,270580,ENERGY TRANSFER MKT & TERM LP/TANK FARM 2,293150,Y,Renewal,Title V Operating Permit,,ISSU,2019-12-11 00:00:00,2021-12-22 00:00:00,2026-12-21 00:00:00,1302166[23-00044]_Issued_v1.pdf
Southeast,Delaware,Upper Chichester Township,MIPC LLC,MIPC LLC CHELSEA TERMINAL,502590,MIPC LLC / CHELSEA TANK FARM,560829,Y,Renewal,Title V Operating Permit,,ISSU,2022-10-25 00:00:00,2023-10-20 00:00:00,2028-10-19 00:00:00,1415670[23-00041]_Issued_v1.pdf
Southeast,Montgomery,Bridgeport Borough,TUBE METHODS INC,TUBE METHODS,452901,TUBE METHODS INC/BRIDGEPORT,480360,Y,Renewal,Title V Operating Permit,,ISSU,2022-08-04 00:00:00,2023-12-05 00:00:00,2028-12-04 00:00:00,1405795[46-00090]_Issued_v1.pdf
Southeast,Montgomery,Douglass Township,GLOBAL ADVANCED METALS USA INC,GLOBAL ADVANCED METALS USA INC,451542,GLOBAL ADVANCED METALS USA/BOYERTOWN,518536,Y,Renewal,Title V Operating Permit,,ISSU,2023-12-14 00:00:00,2024-10-18 00:00:00,2029-10-17 00:00:00,1465190[46-00037]_Issued_v1.pdf
Southeast,Montgomery,Hatfield Township,CLEMENS FOOD GROUP,CLEMENS FOOD GROUP,456457,CLEMENS FOOD GROUP/HATFIELD PLT,491675,Y,Renewal,Title V Operating Permit,,ISSU,2024-09-13 00:00:00,2025-06-30 00:00:00,2030-06-20 00:00:00,1499480[46-00013]_Issued_v1.pdf
Southeast,Montgomery,Hatfield Township,HATFIELD TWP MUNI AUTH MONTGOMERY CNTY,HATFIELD TWP STP,454144,HATFIELD TWP MUNI AUTH/COLMAR,514449,Y,Renewal,Title V Operating Permit,,ISSU,2021-11-08 00:00:00,2023-03-03 00:00:00,2028-03-02 00:00:00,1375283[46-00175]_Issued_v1.pdf
Southeast,Montgomery,Lower Pottsgrove Township,CONSTELLATION ENERGY GENERATION LLC,CONSTELLATION ENERGY MOSER GENERATING FACILITY,462140,CONSTELLATION GENERATION CO/MOSER GENERATING STATION,491699,Y,Renewal,Title V Operating Permit,,ISSU,2023-05-01 00:00:00,2024-02-07 00:00:00,2029-02-06 00:00:00,1438110[46-00039]_Issued_v1.pdf
Southeast,Montgomery,Lower Providence Township,SUPERIOR TUBE CO INC,SUPERIOR TUBE COLLEGEVILLE FAC,45779,SUPERIOR TUBE CO/LOWER PROVIDENCE,47538,Y,Renewal,Title V Operating Permit,,ISSU,2024-05-31 00:00:00,2025-01-17 00:00:00,2030-02-05 00:00:00,1487153[46-00020]_Issued_v1.pdf
Southeast,Montgomery,Plymouth Township,REWORLD PLYMOUTH LLC,"REWORLD PLYMOUTH, LLC.",454543,REWORLD PLYMOUTH/ PLYMOUTH,523397,Y,Renewal,Title V Operating Permit,,ISSU,2022-05-23 00:00:00,2024-09-13 00:00:00,2029-09-12 00:00:00,1397753[46-00010]_Issued_v2.pdf
Southeast,Montgomery,Trappe Borough,VIANT COLLEGEVILLE LLC,VIANT COLLEGEVILLE LLC,2323,VIANT COLLEGEVILLE LLC,3108,Y,Renewal,Title V Operating Permit,,ISSU,2021-09-15 00:00:00,2023-01-19 00:00:00,2028-01-18 00:00:00,1370189[46-00046]_Issued_v1.pdf
Southeast,Montgomery,Upper Hanover Township,BLOMMER CHOCOLATE CO,BLOMMER CHOCOLATE CO,491646,BLOMMER CHOCOLATE CO/E GREENVILLE PLT,524123,Y,Renewal,Title V Operating Permit,,ISSU,2023-01-24 00:00:00,2024-03-11 00:00:00,2029-03-10 00:00:00,1424547[46-00198]_Issued_v1.pdf
Southeast,Montgomery,Upper Merion Township,GLAXOSMITHKLINE LLC,GLAXO SMITH KLINE UPPER MERION BIOPHARM FAC,825043,GLAXOSMITHKLINE/UPPER MERION BIOPHARM,821193,Y,Renewal,Title V Operating Permit,,ISSU,2023-08-07 00:00:00,2024-06-11 00:00:00,2029-06-10 00:00:00,1449947[46-00300]_Issued_v1.pdf
Southeast,Montgomery,Upper Moreland Township,UPPER MORELAND HATBORO JT SEW AUTH,UPPER MORELAND HATBORO JT SEW AUTH,451591,UPPER MORELAND HATBORO JT SEW AUTH/WILLOW GROVE,798,Y,Renewal,Title V Operating Permit,,ISSU,2021-11-03 00:00:00,2022-10-17 00:00:00,2027-10-16 00:00:00,1375282[46-00221-TVOP]_Issued_v1.pdf
Southeast,Montgomery,Upper Providence Township,GRAPHIC PKG INTL LLC,GRAPHIC PACKING INTERNATIONAL LLC,237254,GRAPHIC PKG INTL LLC/VALLEY FORGE,239549,Y,Renewal,Title V Operating Permit,,ISSU,2021-07-12 00:00:00,2022-02-09 00:00:00,2027-03-14 00:00:00,1365164[46-00041]_Issued_v1.pdf
Southeast,Montgomery,West Norriton Township,NORRISTOWN STATE HOSP,NORRISTOWN STATE HOSP,475289,PA DHS/NORRISTOWN STATE HOSP,241062,Y,Renewal,Title V Operating Permit,,ISSU,2020-01-13 00:00:00,2022-01-27 00:00:00,2027-01-26 00:00:00,1347905[46-00060]_Issued_v1.pdf
Southeast,Montgomery,West Pottsgrove Township,HAMMOND GROUP INC,HAMMOND LEAD PROD POTTSTOWN PLT,480849,HAMMOND LEAD PRODUCTS/POTTSTOWN,510047,Y,Renewal,Title V Operating Permit,,ISSU,2023-12-22 00:00:00,2024-07-15 00:00:00,2029-08-31 00:00:00,1466253[46-00162]_Issued_v1.pdf
Southwest,Beaver,Aliquippa City,US GYPSUM CO,US GYPSUM CO,490170,US GYPSUM CO/ALIQUIPPA,518558,Y,Renewal,Title V Operating Permit,,ISSU,2023-09-21 00:00:00,2025-05-16 00:00:00,2030-05-16 00:00:00,1456291[04-00702]_Issued_v1.pdf
Southwest,Beaver,North Sewickley Township,EASTERN GAS TRANS & STORAGE INC,BEAVER STA,246129,EASTERN GAS TRANSMISSION & STORAGE INC/BEAVER,251644,Y,Renewal,Title V Operating Permit,,ISSU,2021-09-27 00:00:00,2023-05-31 00:00:00,2028-05-31 00:00:00,1373608[04-00490]_Issued_v1.pdf
Southwest,Beaver,Potter Township,BASF CORP,BASF MONACA PLT,254458,BASF CORP/MONACA PLT,248385,Y,Renewal,Title V Operating Permit,,ISSU,2024-12-20 00:00:00,2026-01-20 00:00:00,2031-01-20 00:00:00,1511141[04-00306]_Issued_v1.pdf
Southwest,Cambria,Cambria Township,EBENSBURG POWER CO,EBENSBURG COGEN PLT,240082,EBENSBURG POWER CO/EBENSBURG COGENERATION PLT,243395,Y,Renewal,Title V Operating Permit,,ISSU,2006-08-17 00:00:00,2021-04-28 00:00:00,2026-04-28 00:00:00,644264[11-00318]_Issued_v2.pdf
Southwest,Cambria,Jackson Township,CPV FAIRVIEW LLC,FAIRVIEW ENERGY CTR,810717,CPV FAIRVIEW LLC/FAIRVIEW ENERGY CTR,804556,Y,New,Title V Operating Permit,,ISSU,2022-05-31 00:00:00,2023-12-07 00:00:00,2028-12-07 00:00:00,1398385[11-00536]_Issued_v1.pdf
Southwest,Cambria,Jackson Township,LAUREL HIGHLANDS LDFL INC,LAUREL HIGHLANDS LDFL,85,LAUREL HIGHLANDS LAN/LAUREL HIGHLANDS LDFL,510738,Y,Renewal,Title V Operating Permit,,ISSU,2020-09-28 00:00:00,2022-05-26 00:00:00,2027-05-26 00:00:00,1328339[11-00370]_Issued_v1.pdf
Southwest,Fayette,Georges Township,CARLISLE CONSTRUCTION MATERIALS LLC,HUNTER PANELS/FAYETTE BUS PK,659463,CARLISLE CONST MATLS/HUNTER PANEL PLT,738074,Y,New,Title V Operating Permit,,ISSU,2024-11-22 00:00:00,2025-11-17 00:00:00,2030-11-17 00:00:00,1507638[26-00590]_Issued_v1.pdf
Southwest,Fayette,Springhill Township,GANS ENERGY LLC,GANS POWER STATION,531375,GANS ENERGY LLC/GANS POWER STA,552958,Y,Renewal,Title V Operating Permit,,ISSU,2023-12-08 00:00:00,2025-04-22 00:00:00,2030-04-22 00:00:00,1465867[26-00495]_Issued_v1.pdf
Southwest,Greene,Richhill Township,CONSOL PA COAL CO LLC,BAILEY MINE,261050,CONSOL PA COAL CO LLC/BAILEY PREP PLT,281083,Y,Renewal,Title V Operating Permit,,ISSU,2023-12-22 00:00:00,2025-05-06 00:00:00,2030-05-06 00:00:00,1466029[30-00072]_Issued_v2.pdf
Southwest,Somerset,Conemaugh Township,SOUTHERN ALLEGHENIES LDFL INC,SOUTHERN ALLEGHENIES LDFL,803,SOUTHERN ALLEGHENIES LDFL INC,495355,Y,Renewal,Title V Operating Permit,,ISSU,2023-11-06 00:00:00,2024-11-26 00:00:00,2029-11-26 00:00:00,1461931[56-00181]_Issued_v1.pdf
Southwest,Somerset,Quemahoning Township,NORTH AMER HOGANAS INC,NORTH AMERICAN HOGANAS,245766,NORTH AMERICAN HOGANAS INC/STONY CREEK PLT,251104,Y,Renewal,Title V Operating Permit,,ISSU,2019-08-19 00:00:00,2021-01-07 00:00:00,2026-01-07 00:00:00,1284605[56-00167]_Issued_v1.pdf
Southwest,Somerset,Shade Township,SHADE LDFL INC,SHADE LDFL,240842,SHADE LDFL INC/SHADE LDFL,495641,Y,Renewal,Title V Operating Permit,,ISSU,2020-09-28 00:00:00,2022-05-26 00:00:00,2027-05-26 00:00:00,1328369[56-00232]_Issued_v1.pdf
Southwest,Somerset,Somerset Township,PA DEPT OF CORR,SCI LAUREL HIGHLANDS,241506,PA DEPT OF CORR/LAUREL HIGHLANDS SCI,261482,Y,Renewal,Title V Operating Permit,,ISSU,2020-07-10 00:00:00,2022-04-18 00:00:00,2027-04-18 00:00:00,1321078[56-00257]_Issued_v1.pdf
Southwest,Washington,Carroll Township,FLEXSYS AMER LP,FLEXSYS MONONGAHELA PLT,253072,FLEXSYS AMER LTD PAR/MONONGAHELA,262770,Y,Renewal,Title V Operating Permit,,ISSU,2024-03-28 00:00:00,2024-07-16 00:00:00,2029-07-16 00:00:00,1478746[63-00015]_Issued_v1.pdf
Southwest,Washington,Chartiers Township,ARDEN LDFL INC,ARDEN LDFL,240453,ARDEN LDFL/CHARTIERS TWP,514799,Y,Renewal,Title V Operating Permit,,ISSU,2015-09-18 00:00:00,2024-05-23 00:00:00,2029-05-23 00:00:00,1102341[63-00549]_Issued_v1.pdf
Southwest,Washington,Smith Township,LANGELOTH METALLURGICAL CO LLC,LANGELOTH METALLURGICAL PLT,500111,LANGELOTH METALLURGICAL CO/LANGELOTH METALLURGICAL PLT,239832,Y,Renewal,Title V Operating Permit,,ISSU,2018-12-28 00:00:00,2022-07-14 00:00:00,2027-07-14 00:00:00,1256565[63-00074]_Issued_v1.pdf
Southwest,Washington,Washington City,JESSOP STEEL LLC,JESSOP STEEL/WASHINGTON PLT,241986,JESSOP STEEL LLC/WASHINGTON PLT,278317,Y,Renewal,Title V Operating Permit,,ISSU,2024-09-12 00:00:00,2026-01-20 00:00:00,2031-01-20 00:00:00,1499800[63-00027]_Issued_v1.pdf
Southwest,Westmoreland,Export Borough,DURA BOND COATING INC,DURA BOND STEEL,253199,DURA BOND IND INC/EXPORT STEEL PLT,263045,Y,Renewal,Title V Operating Permit,,ISSU,2020-01-14 00:00:00,2021-08-10 00:00:00,2026-08-10 00:00:00,1301991[65-00053]_Issued_v1.pdf
Southwest,Westmoreland,Hempfield Township,GEN CARBIDE CORP,HEMPFIELD METAL POWDER PLT,243766,GEN CARBIDE CORP/HEMPFIELD,248383,Y,Renewal,Title V Operating Permit,,ISSU,2024-09-04 00:00:00,2026-01-22 00:00:00,2031-01-22 00:00:00,1498621[65-00622]_Issued_v1.pdf
Southwest,Westmoreland,Jeannette City,SURTECO NORTH AMER INC,SURTECO NORTH AMER INC JEANNETTE FAC,241611,SURTECO NORTH AMER INC/JEANNETTE PLT,272282,Y,Renewal,Title V Operating Permit,,ISSU,2024-08-02 00:00:00,2025-10-31 00:00:00,2030-10-31 00:00:00,1494392[65-00207]_Issued_v1.pdf
Southwest,Westmoreland,Latrobe City,LEHIGH SPECIALTY MELTING INC,LEHIGH SPECIALTY MELTING INC,2874,LEHIGH SPECIALTY MELTING/LATROBE,280828,Y,Renewal,Title V Operating Permit,,ISSU,2023-05-24 00:00:00,2024-10-17 00:00:00,2029-10-17 00:00:00,1442027[65-00028]_Issued_v1.pdf
Southwest,Westmoreland,Monessen City,CLEVELAND CLIFFS MONESSEN COKE LLC,CLEVELAND CLIFFS MONESSEN COKE LLC,249647,CLEVELAND CLIFFS MONESSEN COKE LLC/MONESSEN COKE PLT,256899,Y,Renewal,Title V Operating Permit,,ISSU,2018-07-19 00:00:00,2020-04-22 00:00:00,2025-04-22 00:00:00,1237872[65-00853]_Issued_v1.pdf
Southwest,Westmoreland,Penn Township,USA VALLEY FAC INC,USA VALLEY FAC INC,241218,USA VALLEY FAC INC/VALLEY LDFL,549691,Y,Renewal,Title V Operating Permit,,ISSU,2021-06-10 00:00:00,2022-07-08 00:00:00,2027-07-08 00:00:00,1359722[65-00693]_Issued_v1.pdf
Southwest,Westmoreland,Rostraver Township,WESTMORELAND SANI LDFL LLC,SANITARY LANDFILL,239963,WESTMORELAND SANITARY LDFL LLC/BELLE VERNON,514148,Y,Renewal,Title V Operating Permit,,ISSU,2021-11-01 00:00:00,2025-06-30 00:00:00,2030-06-30 00:00:00,1378160[65-00767]_Issued_v2.pdf
Southwest,Westmoreland,Salem Township,EASTERN GAS TRANS & STORAGE INC,ROCK SPRINGS COMP STA,699329,EASTERN GAS TRANS & STORAG INC/ROCK SPRINGS COMP STA,701239,Y,Renewal,Title V Operating Permit,,ISSU,2023-04-19 00:00:00,2024-10-10 00:00:00,2029-10-10 00:00:00,1436451[65-00983]_Issued_v1.pdf
Southwest,Westmoreland,Salem Township,EASTERN GAS TRANS & STORAGE INC,OAKFORD COMPRESSOR STA,249781,EASTERN GAS TRANS & STORAGE INC/OAKFORD COMPRESSOR STA,495643,Y,Renewal,Title V Operating Permit,,ISSU,2023-04-13 00:00:00,2024-05-22 00:00:00,2029-05-22 00:00:00,1435723[65-00837]_Issued_v1.pdf
Southwest,Westmoreland,Scottdale Borough,ALLEIMA PRECISION TUBE LLC,ALLEIMA PRECISION TUBE LLC,247398,ALLEIMA PRECISION TUBE LLC/SCOTTDALE PLT,492577,Y,Renewal,Title V Operating Permit,,ISSU,2022-03-07 00:00:00,2022-12-27 00:00:00,2027-12-27 00:00:00,1415820[65-00173]_Issued_v1.pdf
Southwest,Westmoreland,Vandergrift Borough,ATI FLAT ROLLED PROD HOLDINGS LLC,ATI FLAT ROLLED PROD HOLDINGS LLC/VANDERGRIFT,192917,ATI FLAT ROLLED PRODUCTS HOLDINGS LLC/VANDERGRIFT,194932,Y,Renewal,Title V Operating Permit,,ISSU,2024-09-12 00:00:00,2026-01-20 00:00:00,2031-01-20 00:00:00,1499814[65-00137]_Issued_v1.pdf
